USE JWC_Information;

/* 添加用户信息 */
/* 学生 */
INSERT INTO ACCOUNT VALUES('01234567', '01234567', NULL, NULL, NULL, NULL, NULL, NULL);
INSERT INTO ACCOUNT VALUES('01111111', '01111111', NULL, NULL, NULL, NULL, NULL, NULL);
INSERT INTO ACCOUNT VALUES('01111112', '01111112', NULL, NULL, NULL, NULL, NULL, NULL);
INSERT INTO ACCOUNT VALUES('01111113', '01111113', NULL, NULL, NULL, NULL, NULL, NULL);
/* 教师 */
INSERT INTO ACCOUNT VALUES('11234567', '11234567', NULL, NULL, NULL, NULL, NULL, NULL);
INSERT INTO ACCOUNT VALUES('11111111', '11111111', NULL, NULL, NULL, NULL, NULL, NULL);
INSERT INTO ACCOUNT VALUES('11111112', '11111112', NULL, NULL, NULL, NULL, NULL, NULL);
INSERT INTO ACCOUNT VALUES('11111113', '11111113', NULL, NULL, NULL, NULL, NULL, NULL);

/* 添加课程信息 */
INSERT INTO ALLCURRICULUM VALUES('11234567', '高等数学', 'J1-102', 5, 7, '1,3');
INSERT INTO ALLCURRICULUM VALUES('11234567', '微积分', 'J3-102', 5, 7, '2,4');
INSERT INTO ALLCURRICULUM VALUES('11111111', '高等数学', 'J1-202', 1, 3, '1,3');
INSERT INTO ALLCURRICULUM VALUES('11111112', '线性代数', 'J2-202', 1, 3, '3,5');
INSERT INTO ALLCURRICULUM VALUES('11111113', '线性代数', 'J3-202', 1, 3, '1,3');
INSERT INTO ALLCURRICULUM VALUES('11111113', '几何与代数', 'J4-202', 5, 7, '2,5');

/* 添加课程信息 */
INSERT INTO STUDENTCUR VALUES('01234567', '高等数学', '11234567', -1);
INSERT INTO STUDENTCUR VALUES('01234567', '微积分', '11234567', -1);
INSERT INTO STUDENTCUR VALUES('01234567', '几何与代数', '11111113', -1);

INSERT INTO STUDENTCUR VALUES('01111111', '高等数学', '11111111', -1);
INSERT INTO STUDENTCUR VALUES('01111111', '几何与代数', '11111113', -1);

INSERT INTO STUDENTCUR VALUES('01111112', '高等数学', '11234567', -1);
INSERT INTO STUDENTCUR VALUES('01111112', '线性代数', '11111112', -1);

INSERT INTO STUDENTCUR VALUES('01111113', '微积分', '11234567', -1);
INSERT INTO STUDENTCUR VALUES('01111113', '几何与代数', '11111113', -1);

CREATE TABLE IF NOT EXISTS FILES(
	FILEID VARCHAR(80) NOT NULL,
    TYPE SMALLINT UNSIGNED NOT NULL,
    PATH VARCHAR(80) NOT NULL,
    FILENAME VARCHAR(80) NOT NULL,
PRIMARY KEY(FILEID));

/* 添加课程信息 */
INSERT INTO FILES VALUES('aaaaaa1',1, 'files/通知/', 'a通知.docx');
INSERT INTO FILES VALUES('bbbbbb1',1, 'files/通知/', 'b通知.doc');
INSERT INTO FILES VALUES('cccccc1',1, 'files/通知/', 'c通知.txt');
INSERT INTO FILES VALUES('aaaaaa2',2, 'files/告示/', 'a告示.excel');
INSERT INTO FILES VALUES('bbbbbb2',2, 'files/告示/', 'b告示.ppt');
INSERT INTO FILES VALUES('cccccc2',2, 'files/告示/', 'c告示.pptx');